geo_id,2017_2012_median_income,2017_2012_income_dist,2017_2012_edu_dist,2017_2012_other_races,2017_2012_commuters_by_public_transportation,2017_2012_income_per_capita,2017_2012_housing_units,2017_2012_vacant_housing_units,2017_2012_bachelors_degree,2018_2014_EP_POV,2018_2014_EP_MUNIT,2018_2014_EP_MOBILE,lagged_spatial_income,lagged_home_value,lagged_spatial_rent,lagged_income_dist,prediction
36047005300,0.4771885279722882,-0.336917013870624,0.3347872185324019,-0.5522978168086349,-0.48382165768614943,0.4001085350831157,-0.1624718818969449,0.1051220673061401,0.23479983808511481,-0.20053392420389765,-2.004685898910259,0.2843867921094072,-0.018912872534072932,-0.14959417616255588,0.4765993422024915,-0.3735952990269528,0.10402867292500359
36047004700,1.6096702452751532,0.9246187191706511,0.4333380608034354,-1.0391709576815107,-0.39615625191638465,1.3281777435539752,-0.042112594195802044,0.06609325360237962,0.44595381006013257,-0.1489419065615395,-1.5149467736438225,0.12307282280076001,0.07194544657131904,0.7989385316223404,0.4894379648843564,2.2618590352061285,0.0010489325427660535
36047005900,0.778186289609178,0.4149693649798988,0.5776454787163467,-1.3673375453985672,-0.6471435095311907,0.5321067907991031,-0.25807154469956695,0.1545585646642367,0.15714966774591474,0.03124514012968137,-0.018048490764235776,0.2914344897976491,0.2873155488613015,-0.2778003682371568,-1.3246746994737395,0.8551284334358921,0.009726830691043952
36047008500,-2.5805901768004147,-0.9472534369065599,0.14034547586655385,2.305903378810654,0.3556046249585848,-1.3595982727134517,1.7460825373640343,0.21180082476308543,-0.7855506458457772,-7.917775727363793,-2.047271909802993,-7.699871611147712,2.8740683930776547,4.008128915164087,2.461321905058069,1.9591973449148996,0.040594358273310135
